role_id;model_type;model_id
3;App\Models\User;2
3;App\Models\User;3
3;App\Models\User;4
3;App\Models\User;5
4;App\Models\User;6
3;App\Models\User;7
3;App\Models\User;8
3;App\Models\User;9
3;App\Models\User;10
3;App\Models\User;11
4;App\Models\User;12
3;App\Models\User;13
3;App\Models\User;14
4;App\Models\User;15
3;App\Models\User;16
4;App\Models\User;17
5;App\Models\User;18
4;App\Models\User;19
5;App\Models\User;20
5;App\Models\User;21
3;App\Models\User;22
3;App\Models\User;23
4;App\Models\User;24
3;App\Models\User;25
4;App\Models\User;26
3;App\Models\User;27
2;App\Models\User;28
4;App\Models\User;29
3;App\Models\User;30
4;App\Models\User;31
3;App\Models\User;32
3;App\Models\User;33
5;App\Models\User;34
3;App\Models\User;35
3;App\Models\User;36
3;App\Models\User;37
4;App\Models\User;38
5;App\Models\User;39
3;App\Models\User;40
4;App\Models\User;41
5;App\Models\User;42
2;App\Models\User;43
4;App\Models\User;44
4;App\Models\User;45
3;App\Models\User;46
2;App\Models\User;47
3;App\Models\User;48
2;App\Models\User;49
3;App\Models\User;50
4;App\Models\User;51
3;App\Models\User;52
3;App\Models\User;53
3;App\Models\User;54
4;App\Models\User;55
4;App\Models\User;56
4;App\Models\User;57
4;App\Models\User;58
3;App\Models\User;59
3;App\Models\User;60
3;App\Models\User;61
4;App\Models\User;62
5;App\Models\User;63
4;App\Models\User;64
3;App\Models\User;65
3;App\Models\User;66
3;App\Models\User;67
3;App\Models\User;68
3;App\Models\User;69
3;App\Models\User;70
5;App\Models\User;71
3;App\Models\User;72
3;App\Models\User;73
3;App\Models\User;74
3;App\Models\User;75
3;App\Models\User;76
5;App\Models\User;77
4;App\Models\User;78
5;App\Models\User;79
5;App\Models\User;80
4;App\Models\User;81
5;App\Models\User;82
3;App\Models\User;83
4;App\Models\User;84
3;App\Models\User;85
3;App\Models\User;86
3;App\Models\User;87
3;App\Models\User;88
3;App\Models\User;89
3;App\Models\User;90
4;App\Models\User;91
3;App\Models\User;92
3;App\Models\User;93
4;App\Models\User;94
3;App\Models\User;95
5;App\Models\User;96
5;App\Models\User;97
4;App\Models\User;98
4;App\Models\User;99
4;App\Models\User;100
4;App\Models\User;101
3;App\Models\User;102
3;App\Models\User;103
3;App\Models\User;104
4;App\Models\User;105
4;App\Models\User;106
3;App\Models\User;107
3;App\Models\User;108
4;App\Models\User;109
3;App\Models\User;110
3;App\Models\User;111
3;App\Models\User;112
4;App\Models\User;113
4;App\Models\User;114
4;App\Models\User;115
3;App\Models\User;116
3;App\Models\User;117
3;App\Models\User;118
4;App\Models\User;119
4;App\Models\User;120
3;App\Models\User;121
2;App\Models\User;122
5;App\Models\User;123
3;App\Models\User;124
5;App\Models\User;125
3;App\Models\User;126
3;App\Models\User;127
3;App\Models\User;128
5;App\Models\User;129
3;App\Models\User;130
4;App\Models\User;131
4;App\Models\User;132
4;App\Models\User;133
3;App\Models\User;134
3;App\Models\User;135
3;App\Models\User;136
4;App\Models\User;137
3;App\Models\User;138
3;App\Models\User;139
3;App\Models\User;140
3;App\Models\User;141
3;App\Models\User;142
3;App\Models\User;143
4;App\Models\User;144
4;App\Models\User;145
4;App\Models\User;146
4;App\Models\User;147
4;App\Models\User;148
4;App\Models\User;149
4;App\Models\User;150
4;App\Models\User;151
4;App\Models\User;152
4;App\Models\User;153
4;App\Models\User;154
4;App\Models\User;155
4;App\Models\User;156
4;App\Models\User;157
4;App\Models\User;158
4;App\Models\User;159
4;App\Models\User;160
4;App\Models\User;161
4;App\Models\User;162
4;App\Models\User;163
4;App\Models\User;164
5;App\Models\User;165
4;App\Models\User;166
4;App\Models\User;167
4;App\Models\User;168
3;App\Models\User;169
5;App\Models\User;170
4;App\Models\User;171
4;App\Models\User;172
4;App\Models\User;173
4;App\Models\User;174
4;App\Models\User;175
4;App\Models\User;176
4;App\Models\User;177
3;App\Models\User;178
4;App\Models\User;179
4;App\Models\User;180
4;App\Models\User;181
3;App\Models\User;182
3;App\Models\User;183
3;App\Models\User;184
4;App\Models\User;185
3;App\Models\User;186
3;App\Models\User;187
4;App\Models\User;188
4;App\Models\User;189
4;App\Models\User;190
4;App\Models\User;191
4;App\Models\User;192
4;App\Models\User;193
4;App\Models\User;194
5;App\Models\User;195
5;App\Models\User;196
3;App\Models\User;197
3;App\Models\User;198
4;App\Models\User;199
